<configuration scan="true" scanPeriod="60 seconds">

    <appender name="CONSOLE" class="ch.qos.logback.core.ConsoleAppender">
        <encoder>
            <pattern>%-30(%d %level)- %msg%n%ex</pattern>
        </encoder>
    </appender>

    <appender name="FILE" class="ch.qos.logback.core.rolling.RollingFileAppender">
        <file>${hivemq.home}/log/hivemq.log</file>
        <append>true</append>

        <rollingPolicy class="ch.qos.logback.core.rolling.TimeBasedRollingPolicy">
            <!-- daily rollover -->
            <fileNamePattern>${hivemq.home}/log/hivemq.%d{yyyy-MM-dd}.log</fileNamePattern>

            <!-- keep 30 days' worth of history -->
            <maxHistory>30</maxHistory>
        </rollingPolicy>
        <encoder>
            <pattern>%-30(%d %level)- %msg%n%ex</pattern>
        </encoder>
    </appender>

    <appender name="MIGRATIONS-FILE" class="ch.qos.logback.core.FileAppender">
        <file>${hivemq.home}/log/migration.log</file>
        <append>true</append>
        <encoder>
            <pattern>%-30(%d %level)- %msg%n%ex</pattern>
        </encoder>
    </appender>

    <logger name="migrations" level="DEBUG" additivity="false">
        <appender-ref ref="MIGRATIONS-FILE"/>
    </logger>

    <root level="INFO">
        <appender-ref ref="FILE"/>
    </root>

    <root level="INFO">
        <appender-ref ref="CONSOLE"/>
    </root>

    <logger name="org.quartz" level="WARN">
        <appender-ref ref="FILE"/>
        <appender-ref ref="CONSOLE"/>
    </logger>

    <logger name="jetbrains.exodus" level="WARN"/>

    <logger name="com.google.common.util.concurrent.Futures.CombinedFuture" level="OFF"/>

</configuration>